career,career_family,riasec_profile,riasec_source
Abastecimiento,Administración de Empresas,ECS,llm_tagged
Actuación,Teatro,AES,llm_tagged
Acuicultura,Acuicultura,RIE,llm_tagged
Administración,Administración de Empresas,ECS,llm_tagged
Administración Bancaria,Administración de Empresas,CES,llm_tagged
Administración Bancaria por Competencias,Administración de Empresas,CES,llm_tagged
Administración Bancaria y Financiera,Administración de Empresas,CES,llm_tagged
Administración Hotelera,"Administración de Servicios Turísticos, Hotelería y Gastronomía",ESR,llm_tagged
Administración Hotelera y Ecoturismo,"Administración de Servicios Turísticos, Hotelería y Gastronomía",ESR,llm_tagged
Administración Hotelera y de Servicios,"Administración de Servicios Turísticos, Hotelería y Gastronomía",ESR,llm_tagged
Administración Logística,Administración de Empresas,ECR,llm_tagged
Administración Pública,Administración Pública,ESC,llm_tagged
Administración Rural,Agropecuaria,RIE,llm_tagged
Administración Turística,"Administración de Servicios Turísticos, Hotelería y Gastronomía",ESR,llm_tagged
Administración Turística Hotelera,"Administración de Servicios Turísticos, Hotelería y Gastronomía",ESR,llm_tagged
"Administración Turística, Hotelera y Gastronómica","Administración de Servicios Turísticos, Hotelería y Gastronomía",ESR,llm_tagged
Administración de Banca y Finanzas,Administración de Empresas,CES,llm_tagged
Administración de Empresas,Administración de Empresas,ECS,llm_tagged
Administración de Empresas Turísticas,"Administración de Servicios Turísticos, Hotelería y Gastronomía",ESR,llm_tagged
Administración de Empresas Turísticas y Hoteleras,"Administración de Servicios Turísticos, Hotelería y Gastronomía",ESR,llm_tagged
Administración de Hostelería,"Administración de Servicios Turísticos, Hotelería y Gastronomía",ESR,llm_tagged
Administración de Hoteles,"Administración de Servicios Turísticos, Hotelería y Gastronomía",ESR,llm_tagged
Administración de Hoteles y Restaurantes,"Administración de Servicios Turísticos, Hotelería y Gastronomía",ESR,llm_tagged
"Administración de Hoteles, Restaurantes y Afines","Administración de Servicios Turísticos, Hotelería y Gastronomía",ESR,llm_tagged
Administración de Negocios,Administración de Empresas,ECS,llm_tagged
Administración de Negocios Agropecuarios,Agropecuaria,RIE,llm_tagged
Administración de Negocios Globales,Negocios Internacionales,ECS,llm_tagged
Administración de Negocios Internacionales,Negocios Internacionales,ECS,llm_tagged
Administración de Negocios Turísticos,Administración de Empresas,ESR,llm_tagged
Administración de Negocios Turísticos y Hoteleros,"Administración de Servicios Turísticos, Hotelería y Gastronomía",ESR,llm_tagged
Administración de Recursos Forestales,Ciencias Forestales,RIE,llm_tagged
Administración de Recursos Humanos,Otras Carreras de Administración,SEC,llm_tagged
Administración de Servicios,Administración de Empresas,ECS,llm_tagged
Administración de Servicios Turísticos,"Administración de Servicios Turísticos, Hotelería y Gastronomía",ESR,llm_tagged
Administración de Servicios de Hostelería,"Administración de Servicios Turísticos, Hotelería y Gastronomía",ESR,llm_tagged
Administración en Salud,Administración de Empresas,ECS,llm_tagged
Administración en Turismo,"Administración de Servicios Turísticos, Hotelería y Gastronomía",ESR,llm_tagged
Administración en Turismo y Hotelería,"Administración de Servicios Turísticos, Hotelería y Gastronomía",ESR,llm_tagged
"Administración en Turismo, Hotelería y Gastronomía","Administración de Servicios Turísticos, Hotelería y Gastronomía",ESR,llm_tagged
Administración y Agronegocios,Agronegocios,ECR,llm_tagged
Administración y Emprendimiento,Administración de Empresas,ECS,llm_tagged
Administración y Finanzas,Administración de Empresas,ECS,llm_tagged
Administración y Gerencia,Administración de Empresas,ECS,llm_tagged
Administración y Gerencia en Hotelería Internacional,"Administración de Servicios Turísticos, Hotelería y Gastronomía",ESR,llm_tagged
Administración y Gestión Comercial,Administración de Empresas,ECS,llm_tagged
Administración y Gestión Empresarial,Administración de Empresas,ECS,llm_tagged
Administración y Marketing,Marketing,EAC,llm_tagged
Administración y Marketing Estratégico,Marketing,EAC,llm_tagged
Administración y Negocios del Deporte,Otras Carreras de Administración,ECS,llm_tagged
Administración y Recursos Humanos,Administración de Empresas,SEC,llm_tagged
Administración y Sistemas,Ciencias de la Computación,IRC,llm_tagged
Administrativo,Otras Carreras de Administración,ECS,llm_tagged
Aerofotografía,Ingeniería Civil,ARE,llm_tagged
Agroindustrias,Ingeniería en Agroindustria,RIE,llm_tagged
Agronomía,Agropecuaria,RIE,llm_tagged
Agronomía Tropical,Agropecuaria,RIE,llm_tagged
Agropecuaria,Agropecuaria,RIE,llm_tagged
Animación Digital,Diseño,AIR,llm_tagged
Antropología,Antropología y Arqueología,IAS,llm_tagged
Antropología Social,Antropología y Arqueología,IAS,llm_tagged
Análisis de Sistemas,Ciencias de la Computación,ICR,llm_tagged
Archivo y Gestión Documental,Bibliotecología y Archivo,CSI,llm_tagged
Arqueoarquitectura y Gestión Turística,Arquitectura y Urbanismo,ESR,llm_tagged
Arqueología,Antropología y Arqueología,IAS,llm_tagged
Arqueología e Historia,Antropología y Arqueología,SIA,llm_tagged
Arquitectura,Arquitectura y Urbanismo,AIR,llm_tagged
Arquitectura de Interiores,Arquitectura y Urbanismo,AIR,llm_tagged
Arquitectura y Diseño de Interiores,Arquitectura y Urbanismo,ARE,llm_tagged
Arquitectura y Gestión de Proyectos,Arquitectura y Urbanismo,AIR,llm_tagged
Arquitectura y Urbanismo,Arquitectura y Urbanismo,AIR,llm_tagged
Arquitectura y Urbanismo Ambiental,Arquitectura y Urbanismo,IRS,llm_tagged
"Arquitectura, Urbanismo y Territorio",Arquitectura y Urbanismo,AIR,llm_tagged
Arte Culinario,"Administración de Servicios Turísticos, Hotelería y Gastronomía",RES,llm_tagged
Arte Dramático,Teatro,AES,llm_tagged
Arte y Diseño Empresarial,Diseño,AER,llm_tagged
Arte y Diseño Gráfico Empresarial,Diseño,AER,llm_tagged
Artes,Artes,ARE,llm_tagged
Artes Escénicas,Artes,ARE,llm_tagged
Artes Gráficas,Diseño,AER,llm_tagged
Artes Plásticas y Visuales,Artes,ASR,llm_tagged
Audiovisual Multimedia,Operadores de Imagen y Sonido,ARE,llm_tagged
Auditoria Empresarial y del Sector Público,Contabilidad y Finanzas,CIE,llm_tagged
Autotrónica,Ingeniería Mecánica,RIC,llm_tagged
Aviónica,Ingeniería Mecánica,RIC,llm_tagged
Banca y Seguros,Contabilidad y Finanzas,CES,llm_tagged
Bar y Cocteleria,"Administración de Servicios Turísticos, Hotelería y Gastronomía",RES,llm_tagged
Bibliotecología y Ciencias de la Información,Bibliotecología y Archivo,CSI,llm_tagged
Biología,Biología,IRS,llm_tagged
Biología Marina y Econegocios,Biología,IRS,llm_tagged
Biología en Acuicultura,Biología,IRS,llm_tagged
Biología y Microbiología,Biología,IRS,llm_tagged
Biotecnología,Biología,IRS,llm_tagged
Bromatología y Nutrición,Nutrición,SIR,llm_tagged
Ciencia Política,Ciencias Políticas,ESI,llm_tagged
Ciencia Política y Gobierno,Ciencias Políticas,ESI,llm_tagged
Ciencia y Tecnología de la Comunicación,Ciencias de la Comunicación,SAE,llm_tagged
Ciencias Administrativas,Administración de Empresas,ECS,llm_tagged
Ciencias Aeronáuticas,Ingeniería Naval y Aeronáutica,RIE,llm_tagged
Ciencias Agrarias,Agropecuaria,RIE,llm_tagged
Ciencias Biológicas,Biología,IRS,llm_tagged
Ciencias Contables,Contabilidad y Finanzas,CEI,llm_tagged
Ciencias Contables y Financieras,Contabilidad y Finanzas,CEI,llm_tagged
Ciencias Económicas,Economía,IEC,llm_tagged
Ciencias Farmacéuticas y Bioquímica,Farmacia y Bioquímica,IRC,llm_tagged
Ciencias Forestales,Ciencias Forestales,RIE,llm_tagged
Ciencias Forestales y del Ambiente,Ciencias Forestales,RIE,llm_tagged
Ciencias Físico Matemática,Física,ISA,llm_tagged
Ciencias Publicitarias,Diseño,AER,llm_tagged
Ciencias de la Computación,Ciencias de la Computación,ISR,llm_tagged
Ciencias de la Comunicación,Ciencias de la Comunicación,SAE,llm_tagged
Ciencias de la Comunicación Social,Ciencias de la Comunicación,SAE,llm_tagged
Ciencias de la Comunicación y Publicidad,Ciencias de la Comunicación,SAE,llm_tagged
Ciencias de la Información,Ciencias de la Computación,IRC,llm_tagged
Ciencias de la Nutrición,Nutrición,SIR,llm_tagged
Ciencias de los Alimentos,Nutrición,SIR,llm_tagged
Ciencias del Deporte,Otras Carreras de Ciencias de la Salud,SIR,llm_tagged
Cocina,"Administración de Servicios Turísticos, Hotelería y Gastronomía",RES,llm_tagged
Comercio,Otras Carreras de Administración,ECS,llm_tagged
Comercio Exterior,Negocios Internacionales,ECS,llm_tagged
Comercio Exterior y Marketing Internacional,Negocios Internacionales,EAC,llm_tagged
Comercio y Negocios Internacionales,Negocios Internacionales,ECS,llm_tagged
Composición,Música,AIR,llm_tagged
Computación,Ciencias de la Computación,ISR,llm_tagged
Computación Científica,Ciencias de la Computación,ISR,llm_tagged
Computación e Informática,Ciencias de la Computación,ISR,llm_tagged
Comunicaciones,Ciencias de la Comunicación,SAE,llm_tagged
Comunicación Audiovisual,Ciencias de la Comunicación,SAE,llm_tagged
Comunicación Audiovisual Multimedia,Ciencias de la Comunicación,SAE,llm_tagged
Comunicación Audiovisual y Medios Interactivos,Ciencias de la Comunicación,SAE,llm_tagged
Comunicación Integral,Ciencias de la Comunicación,SAE,llm_tagged
Comunicación Lingüística y Literatura,Lingüística y Literatura,ASI,llm_tagged
Comunicación Para el Desarrollo,Ciencias de la Comunicación,SAE,llm_tagged
Comunicación e Imagen Empresarial,Ciencias de la Comunicación,SAE,llm_tagged
Comunicación y Marketing,Ciencias de la Comunicación,SAE,llm_tagged
Comunicación y Periodismo,Ciencias de la Comunicación,SAE,llm_tagged
Comunicación y Publicidad,Ciencias de la Comunicación,SAE,llm_tagged
Concentración de Minerales,"Ingeniería Minera, Metalurgia y Petróleo",RIE,llm_tagged
Conservación de Bienes Arqueológicos,Mantenimiento y Restauración de Obras Públicas,RAI,llm_tagged
Conservación de Suelos y Agua,Agropecuaria,RIE,llm_tagged
Conservación y Restauración,Mantenimiento y Restauración de Obras Públicas,RAI,llm_tagged
Construcciones Metálicas - Soldadura Industrial,Educación Tecnológica,RSE,llm_tagged
Construcción Civil,Ingeniería Civil,RIC,llm_tagged
Construcción de Arte en Madera,Artes,ARE,llm_tagged
Contabilidad,Contabilidad y Finanzas,CEI,llm_tagged
Contabilidad Administrativa y Auditoria,Contabilidad y Finanzas,CIE,llm_tagged
Contabilidad Auditoría y Finanzas,Contabilidad y Finanzas,CIE,llm_tagged
Contabilidad Computarizada,Contabilidad y Finanzas,CEI,llm_tagged
Contabilidad y Administración,Contabilidad y Finanzas,CEI,llm_tagged
Contabilidad y Auditoria,Contabilidad y Finanzas,CIE,llm_tagged
Contabilidad y Finanzas,Contabilidad y Finanzas,CEI,llm_tagged
Contabilidad y Tributación,Contabilidad y Finanzas,CEI,llm_tagged
Cosmética Dermatológica,Tratamiento de Belleza y Peluquería,REA,llm_tagged
Danza,Danza,ASR,llm_tagged
Defensa Aérea,Suboficiales de las Fuerzas Armadas,RES,llm_tagged
Derecho,Derecho,ESA,llm_tagged
Derecho Corporativo,Derecho,ESA,llm_tagged
Derecho del Mar y Servicios Aduaneros,Derecho,ESA,llm_tagged
Derecho y Ciencias Políticas,Derecho,ESA,llm_tagged
Dibujo en Construcción Civil,Ingeniería Civil,RIC,llm_tagged
Dirección Musical,Música,ASI,llm_tagged
Dirección Técnica en Futbol,Educación Física,SRE,llm_tagged
Dirección de Artes Gráficas y Publicitarias,Diseño,AER,llm_tagged
Dirección de Artes Gráficos y Publicitarias,Diseño,AER,llm_tagged
Dirección de Empresas,Administración de Empresas,ECS,llm_tagged
Dirección y Diseño Gráfico,Diseño,AER,llm_tagged
Dirección y Diseño Publicitario,Diseño,AEC,llm_tagged
"Dirección, Realización de Cine y TV",Ciencias de la Comunicación,ARE,llm_tagged
Diseño Digital Publicitario,Diseño,AEC,llm_tagged
Diseño Gráfico,Diseño,AER,llm_tagged
Diseño Gráfico Publicitario,Diseño,AER,llm_tagged
Diseño Gráfico y Publicidad Digital,Diseño,AER,llm_tagged
Diseño Industrial,Diseño,ARI,llm_tagged
Diseño Profesional Gráfico,Diseño,AER,llm_tagged
Diseño Profesional de Interiores,Diseño,AER,llm_tagged
Diseño Publicitario,Diseño,AEC,llm_tagged
Diseño Textil,Ingeniería Textil y Confecciones,ARE,llm_tagged
Diseño Técnico,Diseño,AER,llm_tagged
Diseño Web y Multimedia,Diseño,AIR,llm_tagged
Diseño de Interiores,Diseño,ARE,llm_tagged
Diseño de Modas,Ingeniería Textil y Confecciones,ARE,llm_tagged
Diseño de Producto,Diseño,AER,llm_tagged
Diseño y Gestión en Moda,Diseño,AER,llm_tagged
Diseño y Producción de Textiles,Ingeniería Textil y Confecciones,RAE,llm_tagged
Ecología,Ecología y Medio Ambiente,IRS,llm_tagged
Economía ,Economía,IEC,llm_tagged
Economía Agraria,Economía,IEC,llm_tagged
Economía Gerencial,Economía,IEC,llm_tagged
Economía Internacional,Economía,IEC,llm_tagged
Economía Pública,Economía,IEC,llm_tagged
Economía y Finanzas,Economía,IEC,llm_tagged
Economía y Gestión Ambiental,Economía,IRS,llm_tagged
Economía y Microfinanzas,Economía,IEC,llm_tagged
Economía y Negocios Internacionales,Economía,IEC,llm_tagged
Ecoturismo,"Administración de Servicios Turísticos, Hotelería y Gastronomía",ESR,llm_tagged
Ecoturismo y Gestión Ambiental,"Administración de Servicios Turísticos, Hotelería y Gastronomía",ESR,llm_tagged
Edificaciones,Ingeniería Civil,RIC,llm_tagged
Educación,Otras Carreras de Educación,SAE,llm_tagged
Educación Artística,Educación Artística,ASE,llm_tagged
Educación Artística - Artes Plásticas,Educación Artística,ASR,llm_tagged
Educación Artística - Música,Educación Artística,ASI,llm_tagged
Educación Básica Alternativa,Otras Carreras de Educación,SAE,llm_tagged
Educación Danza,Educación Artística,ASR,llm_tagged
Educación Física,Educación Física,SRE,llm_tagged
Educación Física en Edades Tempranas,Educación Física,SRE,llm_tagged
Educación Física en Poblaciones Especiales,Educación Física,SRE,llm_tagged
Educación Física y Deportes,Educación Física,SRE,llm_tagged
Educación Inicial,Educación Inicial,SAE,llm_tagged
Educación Inicial (Intercultural y Bilingüe),Educación Inicial,SAE,llm_tagged
Educación Inicial - Niñez Temprana,Educación Inicial,SAE,llm_tagged
Educación Inicial - Retardo Mental,Educación Inicial,SAE,llm_tagged
Educación Inicial Bilingüe,Educación Inicial,SAE,llm_tagged
Educación Inicial y Arte,Educación Inicial,SAE,llm_tagged
Educación Intercultural Bilingüe: Nivel Inicial y Nivel Primaria,Educación Inicial,SAE,llm_tagged
Educación Musical,Educación Artística,ASI,llm_tagged
Educación Primaria,Educación Primaria,SAE,llm_tagged
Educación Primaria (Intercultural y Bilingüe),Educación Primaria,SAE,llm_tagged
Educación Primaria Intercultural,Educación Primaria,SAE,llm_tagged
Educación Primaria y Bilingüe,Educación Primaria,SAE,llm_tagged
Educación Primaria y Bilingüe Intercultural,Educación Primaria,SAE,llm_tagged
Educación Primaria y Problemas de Aprendizaje,Educación Primaria,SAE,llm_tagged
Educación Religiosa,Educación Secundaria,SAC,llm_tagged
Educación Secundaria,Educación Secundaria,SIA,llm_tagged
Educación Secundaria - Biología y Química,Educación Secundaria,ISR,llm_tagged
"Educación Secundaria - Biología, Química y Tecnología de los Alimentos",Educación Secundaria,SIA,llm_tagged
Educación Secundaria - Ciencia Tecnología y Ambiente,Educación Secundaria,IRS,llm_tagged
"Educación Secundaria - Ciencia, Tecnología y Ambiente",Educación Secundaria,IRS,llm_tagged
Educación Secundaria - Ciencias Naturales,Educación Secundaria,ISR,llm_tagged
Educación Secundaria - Ciencias Sociales,Educación Secundaria,SIA,llm_tagged
Educación Secundaria - Ciencias Sociales - Filosofía,Educación Secundaria,SIA,llm_tagged
Educación Secundaria - Ciencias Sociales - Geografía,Educación Secundaria,SIA,llm_tagged
Educación Secundaria - Ciencias Sociales - Historia,Educación Secundaria,SIA,llm_tagged
Educación Secundaria - Ciencias Sociales y Desarrollo Rural,Educación Secundaria,SIA,llm_tagged
Educación Secundaria - Ciencias Sociales y Turismo,Educación Secundaria,SIA,llm_tagged
Educación Secundaria - Computación e Informática,Educación Secundaria,ISR,llm_tagged
Educación Secundaria - Comunicación,Educación Secundaria,SAE,llm_tagged
Educación Secundaria - Filosofía y Psicopedagogía,Educación Secundaria,SIA,llm_tagged
Educación Secundaria - Filosofía y Religión,Educación Secundaria,SIA,llm_tagged
"Educación Secundaria - Filosofía, Psicología y Ciencias Sociales",Educación Secundaria,SIA,llm_tagged
Educación Secundaria - Historia y Ciencias Sociales,Educación Secundaria,SIA,llm_tagged
Educación Secundaria - Historia y Geografía,Educación Secundaria,SIA,llm_tagged
"Educación Secundaria - Historia, Geografía y Ciencias Sociales",Educación Secundaria,SIA,llm_tagged
Educación Secundaria - Idioma Extranjero Traducción e Interpretación,Educación Secundaria,SAE,llm_tagged
Educación Secundaria - Inglés,Educación Secundaria,SAE,llm_tagged
Educación Secundaria - Inglés e Italiano,Educación Secundaria,SAE,llm_tagged
Educación Secundaria - Inglés y Alemán,Educación Secundaria,SAE,llm_tagged
Educación Secundaria - Inglés y Francés,Educación Secundaria,SAE,llm_tagged
Educación Secundaria - Lengua y Literatura,Educación Secundaria,ASI,llm_tagged
"Educación Secundaria - Lengua, Comunicación e Idioma Inglés",Educación Secundaria,SAE,llm_tagged
Educación Secundaria - Lingüística y Literatura,Educación Secundaria,ASI,llm_tagged
Educación Secundaria - Matemática,Educación Secundaria,ISA,llm_tagged
Educación Secundaria - Matemática e Informática,Educación Secundaria,ISA,llm_tagged
Educación Secundaria - Matemática y Física,Educación Secundaria,ISA,llm_tagged
"Educación Secundaria - Matemática, Computación e Informática",Educación Secundaria,ISA,llm_tagged
"Educación Secundaria - Matemática, Física e Informática",Educación Secundaria,ISA,llm_tagged
"Educación Secundaria - Química, Física y Biología",Educación Secundaria,ISA,llm_tagged
Educación Secundaria - Religión,Educación Secundaria,SAC,llm_tagged
Educación Secundaria Técnica,Educación Secundaria,SRE,llm_tagged
Educación en Computación e Informática,Educación Secundaria,ISR,llm_tagged
Educación en Danza Clásica,Educación Artística,ASR,llm_tagged
Educación en Idiomas - Inglés,Educación Secundaria,SAE,llm_tagged
Educación para el Trabajo,Educación Secundaria,SRE,llm_tagged
Electricidad,Ingeniería Eléctrica,RIC,llm_tagged
Electrotécnia Industrial,Ingeniería Eléctrica,RIC,llm_tagged
Electrónica,Ingeniería Electrónica,RIC,llm_tagged
Electrónica Industrial,Ingeniería Electrónica,RIC,llm_tagged
Electrónica y Automatización Industrial,Ingeniería Electrónica,RIC,llm_tagged
Enfermería,Enfermería,SIR,llm_tagged
Enfermería Técnica,Enfermería,SIR,llm_tagged
Escultura,Artes,ARI,llm_tagged
Estadística,Estadística,ICR,llm_tagged
Estadística e Informática,Estadística,ISR,llm_tagged
Estomatología,Odontología,RIS,llm_tagged
Explotación Minera,"Ingeniería Minera, Metalurgia y Petróleo",RIE,llm_tagged
Farmacia,Farmacia y Bioquímica,IRC,llm_tagged
Farmacia y Bioquímica,Farmacia y Bioquímica,IRC,llm_tagged
Filosofía,Teología y Filosofía,SIA,llm_tagged
Finanzas,Contabilidad y Finanzas,CEI,llm_tagged
Fisioterapia y Rehabilitación,Tecnología Médica,SIR,llm_tagged
Fotografía,Operadores de Imagen y Sonido,ARE,llm_tagged
Fruticultura,Agropecuaria,RIE,llm_tagged
Fruticultura y Olivicultura,Agropecuaria,RIE,llm_tagged
Fuerzas Especiales,Suboficiales de las Fuerzas Armadas,RES,llm_tagged
Física,Física,IRE,llm_tagged
Gastronomía,"Administración de Servicios Turísticos, Hotelería y Gastronomía",RES,llm_tagged
Gastronomía Industrial,Ingeniería en Industrias Alimentarias,RES,llm_tagged
Gastronomía y Arte Culinario,"Administración de Servicios Turísticos, Hotelería y Gastronomía",RES,llm_tagged
Gastronomía y Gestión de Restaurantes,"Administración de Servicios Turísticos, Hotelería y Gastronomía",RES,llm_tagged
Genética y Biotecnología,Biología,IRS,llm_tagged
Geografía,Geografía,SIA,llm_tagged
Geografía y Medio Ambiente,Geografía,SIA,llm_tagged
Geología de Minas,"Ingeniería Minera, Metalurgia y Petróleo",RIE,llm_tagged
Geomática,Ingeniería Civil,IRC,llm_tagged
Gerontología Social,Trabajo Social,SAI,llm_tagged
Gestión,Negocios Internacionales,ECS,llm_tagged
Gestión Ambiental Empresarial,Ecología y Medio Ambiente,IRS,llm_tagged
Gestión Pública y Desarrollo Social,Administración Pública,ESC,llm_tagged
Gestión Textil,Ingeniería Textil y Confecciones,RAE,llm_tagged
Gestión Tributaria,Contabilidad y Finanzas,CEI,llm_tagged
Gestión de Recursos Humanos,Otras Carreras de Administración,SEC,llm_tagged
Gestión en Hotelería y Turismo,"Administración de Servicios Turísticos, Hotelería y Gastronomía",ESR,llm_tagged
Gestión y Administración de Negocios,Administración de Empresas,ECS,llm_tagged
Grabado,Artes,ARI,llm_tagged
Guía Oficial de Caminata,Turismo,ESR,llm_tagged
Guía Oficial de Montaña,Turismo,ESR,llm_tagged
Guía Oficial de Turismo,Turismo,ESR,llm_tagged
Historia,Historia,SIA,llm_tagged
Historia y Gestión Cultural,Historia,SIA,llm_tagged
Hotelería y Administración,"Administración de Servicios Turísticos, Hotelería y Gastronomía",ESR,llm_tagged
Idiomas,Idiomas,SAI,llm_tagged
Industria del Vestido,Ingeniería Textil y Confecciones,RAE,llm_tagged
Industrias Alimentarias,Ingeniería en Industrias Alimentarias,RIE,llm_tagged
Industrias Alimentarias lácteas,Ingeniería en Industrias Alimentarias,RIE,llm_tagged
Informática,Ciencias de la Computación,ISR,llm_tagged
Ingeniería Administrativa,Administración de Empresas,ECS,llm_tagged
Ingeniería Aeronáutica,Ingeniería Naval y Aeronáutica,RIE,llm_tagged
Ingeniería Agraria,Agropecuaria,RIE,llm_tagged
Ingeniería Agroecológica y Desarrollo Rural,Agropecuaria,RIE,llm_tagged
Ingeniería Agroforestal,Ciencias Forestales,RIE,llm_tagged
Ingeniería Agroforestal Acuícola,Ciencias Forestales,RIE,llm_tagged
Ingeniería Agroindustrial,Ingeniería en Agroindustria,RIE,llm_tagged
Ingeniería Agroindustrial y Agronegocios,Ingeniería en Agroindustria,RIE,llm_tagged
Ingeniería Agroindustrial y Comercio Exterior,Ingeniería en Agroindustria,RIE,llm_tagged
Ingeniería Agroindustrial y de Biocomercio,Ingeniería en Agroindustria,RIE,llm_tagged
Ingeniería Agronómica,Agropecuaria,RIE,llm_tagged
Ingeniería Agropecuaria,Agropecuaria,RIE,llm_tagged
Ingeniería Agrícola,Agropecuaria,RIE,llm_tagged
Ingeniería Agrícola y Forestal,Agropecuaria,RIE,llm_tagged
Ingeniería Agrónoma,Agropecuaria,RIE,llm_tagged
Ingeniería Alimentaria,Ingeniería en Industrias Alimentarias,RIE,llm_tagged
Ingeniería Ambiental,Ecología y Medio Ambiente,IRS,llm_tagged
Ingeniería Ambiental y Recursos Naturales,Ecología y Medio Ambiente,IRS,llm_tagged
Ingeniería Ambiental y de Prevención de Riesgos,Ingeniería Industrial,IRS,llm_tagged
Ingeniería Automotriz,Otras Ingenierías,RIC,llm_tagged
Ingeniería Biomédica,Otras Ingenierías,IRC,llm_tagged
Ingeniería Biotecnológica,Biología,IRS,llm_tagged
Ingeniería Civil,Ingeniería Civil,RIC,llm_tagged
Ingeniería Civil y Ambiental,Ingeniería Civil,IRS,llm_tagged
Ingeniería Comercial,Administración de Empresas,ECS,llm_tagged
Ingeniería Comercial y Financiera,Administración de Empresas,ECS,llm_tagged
Ingeniería Comercial y Negocios Internacionales,Negocios Internacionales,ECS,llm_tagged
Ingeniería Económica,Economía,IEC,llm_tagged
Ingeniería Económica y de Negocios,Economía,IEC,llm_tagged
Ingeniería Electromecánica,Ingeniería Mecánica,RIC,llm_tagged
Ingeniería Electrónica,Ingeniería Electrónica,RIC,llm_tagged
Ingeniería Electrónica - Telecomunicaciones,Ingeniería Electrónica,SAE,llm_tagged
Ingeniería Electrónica y Telecomunicaciones,Ingeniería Electrónica,SAE,llm_tagged
Ingeniería Eléctrica,Ingeniería Eléctrica,RIC,llm_tagged
Ingeniería Eléctrica y Electrónica,Ingeniería Eléctrica,RIC,llm_tagged
Ingeniería Eléctrica y de Potencia,Ingeniería Eléctrica,RIC,llm_tagged
Ingeniería Empresarial,Administración de Empresas,ECS,llm_tagged
Ingeniería Empresarial y de Sistemas,Administración de Empresas,ECS,llm_tagged
Ingeniería Energética,Ingeniería Eléctrica,RIC,llm_tagged
Ingeniería Estadística,Estadística,ICR,llm_tagged
Ingeniería Estadística e Informática,Estadística,ISR,llm_tagged
Ingeniería Forestal,Ciencias Forestales,RIE,llm_tagged
Ingeniería Forestal y del Medio Ambiente,Ciencias Forestales,RIE,llm_tagged
Ingeniería Física,Física,IRE,llm_tagged
Ingeniería Geofísica,Geología,IRE,llm_tagged
Ingeniería Geográfica,Geografía,IRE,llm_tagged
Ingeniería Geológica,Geología,IRE,llm_tagged
Ingeniería Hidráulica,Ingeniería Naval y Aeronáutica,RIE,llm_tagged
Ingeniería Industrial,Ingeniería Industrial,RIE,llm_tagged
Ingeniería Industrial y Comercial,Ingeniería Industrial,RIE,llm_tagged
Ingeniería Industrial y Sistemas,Ingeniería Industrial,RIE,llm_tagged
Ingeniería Industrial y de Gestión Empresarial,Ingeniería Industrial,RIE,llm_tagged
Ingeniería Informática,Ingeniería de Sistemas y Cómputo,ISR,llm_tagged
Ingeniería Marítima,Ingeniería Naval y Aeronáutica,RIE,llm_tagged
Ingeniería Mecatrónica,Ingeniería Mecánica,RIE,llm_tagged
Ingeniería Mecánica,Ingeniería Mecánica,RIC,llm_tagged
Ingeniería Mecánica Eléctrica,Ingeniería Mecánica,RIC,llm_tagged
Ingeniería Mecánica Eléctrica y Mecatrónica,Ingeniería Mecánica,RIE,llm_tagged
Ingeniería Mecánica de Fluidos,Ingeniería Mecánica,RIC,llm_tagged
Ingeniería Metalúrgica,"Ingeniería Minera, Metalurgia y Petróleo",RIE,llm_tagged
Ingeniería Metalúrgica y de Materiales,"Ingeniería Minera, Metalurgia y Petróleo",RIE,llm_tagged
Ingeniería Naval,Ingeniería Naval y Aeronáutica,RIE,llm_tagged
Ingeniería Pesquera,Ingeniería Pesquera,RIE,llm_tagged
Ingeniería Petroquímica,"Ingeniería Minera, Metalurgia y Petróleo",IRE,llm_tagged
Ingeniería Química,Química,IRC,llm_tagged
Ingeniería Sanitaria,Ingeniería Sanitaria,RIC,llm_tagged
Ingeniería Sanitaria y Ambiental,Ingeniería Sanitaria,IRS,llm_tagged
Ingeniería Textil,Ingeniería Textil y Confecciones,RAE,llm_tagged
Ingeniería Textil y Confecciones,Ingeniería Textil y Confecciones,RAE,llm_tagged
Ingeniería Topográfica y Agrimensura,Ingeniería Civil,RCI,llm_tagged
Ingeniería Zootecnia,Zootecnia,RIE,llm_tagged
Ingeniería de Diseño Gráfico,Otras Ingenierías,AER,llm_tagged
Ingeniería de Higiene y Seguridad Industrial,Ingeniería Industrial,CRS,llm_tagged
Ingeniería de Industrias Alimentarias,Ingeniería en Industrias Alimentarias,RIE,llm_tagged
Ingeniería de Materiales,Ingeniería Mecánica,RIC,llm_tagged
Ingeniería de Minas,"Ingeniería Minera, Metalurgia y Petróleo",RIE,llm_tagged
Ingeniería de Navegación y Marina Mercante,Ingeniería Naval y Aeronáutica,RIE,llm_tagged
Ingeniería de Negocios,Administración de Empresas,ECS,llm_tagged
Ingeniería de Petróleo,"Ingeniería Minera, Metalurgia y Petróleo",RIE,llm_tagged
Ingeniería de Redes y Comunicaciones,Ingeniería de Telecomunicaciones,SAE,llm_tagged
Ingeniería de Seguridad y Auditoría Informática,Ingeniería de Sistemas y Cómputo,ISR,llm_tagged
Ingeniería de Sistemas,Ingeniería de Sistemas y Cómputo,IRC,llm_tagged
Ingeniería de Sistemas Empresariales,Ingeniería de Sistemas y Cómputo,IRC,llm_tagged
Ingeniería de Sistemas de Información,Ingeniería de Sistemas y Cómputo,ICR,llm_tagged
Ingeniería de Sistemas e Informática,Ingeniería de Sistemas y Cómputo,ISR,llm_tagged
Ingeniería de Sistemas y Computación,Ingeniería de Sistemas y Cómputo,ISR,llm_tagged
Ingeniería de Sistemas y Seguridad Informática,Ingeniería de Sistemas y Cómputo,ISR,llm_tagged
Ingeniería de Sistemas y Tecnológicas,Ingeniería de Sistemas y Cómputo,IRC,llm_tagged
Ingeniería de Software,Ingeniería de Sistemas y Cómputo,IRC,llm_tagged
Ingeniería de Tecnologías de Información y Comunicación,Ingeniería de Telecomunicaciones,SAE,llm_tagged
Ingeniería de Tecnologías de Información y Sistemas,Ingeniería de Telecomunicaciones,RIC,llm_tagged
Ingeniería de Telecomunicaciones,Ingeniería de Telecomunicaciones,SAE,llm_tagged
Ingeniería de Transportes,Otras Ingenierías,RCS,llm_tagged
Ingeniería de la Producción y Administración,Ingeniería Industrial,RIE,llm_tagged
Ingeniería del Transporte Marítimo y Gestión Logística Portuaria,Ingeniería Naval y Aeronáutica,ECR,llm_tagged
Ingeniería en Agronegocios,Agronegocios,ECR,llm_tagged
Ingeniería en Ecología de Bosques Tropicales,Ecología y Medio Ambiente,IRS,llm_tagged
Ingeniería en Ecoturismo,Ecología y Medio Ambiente,ESR,llm_tagged
Ingeniería en Energía,Ingeniería Eléctrica,RIC,llm_tagged
Ingeniería en Energía Renovable y Gestión Ambiental,Ingeniería Eléctrica,IRS,llm_tagged
Ingeniería en Gestión Ambiental,Ecología y Medio Ambiente,IRS,llm_tagged
Ingeniería en Gestión Empresarial,Administración de Empresas,ECS,llm_tagged
Ingeniería en Telecomunicaciones y Redes,Ingeniería de Telecomunicaciones,SAE,llm_tagged
Ingeniería en Teleinformática,Ingeniería de Telecomunicaciones,ISR,llm_tagged
Inteligencia,Suboficiales de las Fuerzas Armadas,IRE,llm_tagged
Interpretación Musical,Música,ASI,llm_tagged
Interpretación de Idiomas,Idiomas,SAI,llm_tagged
Interprete en Danza Clásica,Danza,ASR,llm_tagged
Investigación Operativa,Investigación Operativa,ICE,llm_tagged
Jardinería y Paisajismo,Agropecuaria,RIE,llm_tagged
Laboratorio Clínico,Tecnología Médica,IRC,llm_tagged
"Laboratorio de Suelos, Concreto y Asfalto",Ingeniería Civil,RIC,llm_tagged
Laboratorio y Anatomía Patológica,Tecnología Médica,SIR,llm_tagged
Lingüística,Lingüística y Literatura,AIS,llm_tagged
Literatura,Lingüística y Literatura,AIS,llm_tagged
Literatura Bíblica,Teología y Filosofía,ISA,llm_tagged
"Locución, Comunicación Radial y Televisiva",Periodismo y Locución,SAE,llm_tagged
Logística del Comercio Internacional,Negocios Internacionales,ECR,llm_tagged
Mantenimiento de Maquinaria Pesada,Ingeniería Mecánica,RIC,llm_tagged
Mantenimiento de Maquinaria de Planta,Ingeniería Mecánica,RIC,llm_tagged
"Mantenimiento de Motores, Hélices y Unidad de Potencia Auxiliar",Ingeniería Mecánica,RIC,llm_tagged
Mantenimiento de Vehículos Motorizados y Equipos Contra Incendio,Ingeniería Mecánica,RIC,llm_tagged
Mantenimiento y Operación de Armamento y Equipos Auxiliares,Ingeniería Mecánica,RES,llm_tagged
Marketing,Marketing,EAC,llm_tagged
Marketing Empresarial,Marketing,EAC,llm_tagged
Marketing Visual,Marketing,EAC,llm_tagged
Marketing y Administración,Marketing,EAC,llm_tagged
Marketing y Dirección de Empresas,Marketing,EAC,llm_tagged
Marketing y Gestión Comercial,Marketing,EAC,llm_tagged
Marketing y Negocios Internacionales,Marketing,EAC,llm_tagged
Marketing y Publicidad,Marketing,EAC,llm_tagged
Marketing y Ventas,Marketing,EAC,llm_tagged
Matemática,Matemática,ISA,llm_tagged
Matemática Aplicada,Matemática,ISA,llm_tagged
Matemática e Informática,Matemática,ISA,llm_tagged
Mecánica Aeronáutica,Ingeniería Mecánica,RIE,llm_tagged
Mecánica Agrícola,Ingeniería Mecánica,RIC,llm_tagged
Mecánica Automotriz,Ingeniería Mecánica,RIC,llm_tagged
Mecánica de Producción,Ingeniería Mecánica,RIC,llm_tagged
Medicina,Medicina,ISR,llm_tagged
Medicina Humana,Medicina,ISR,llm_tagged
Medicina Veterinaria,Veterinaria,RIS,llm_tagged
Medicina Veterinaria y Zootecnia,Veterinaria,RIS,llm_tagged
Medio Ambiente y Recursos Naturales,Ecología y Medio Ambiente,IRS,llm_tagged
Mercadotecnia,Marketing,EAC,llm_tagged
Metalurgia,"Ingeniería Minera, Metalurgia y Petróleo",RIE,llm_tagged
Meteorología,Ecología y Medio Ambiente,IRS,llm_tagged
Microbiología y Parasitología,Biología,IRS,llm_tagged
Multimedia y Fotografía Publicitaria,Periodismo y Locución,ARE,llm_tagged
Musicología,Música,AIR,llm_tagged
Música,Música,ASI,llm_tagged
"Música con Mención en Intérprete, Productor y Director",Música,ASI,llm_tagged
Negocios Internacionales,Negocios Internacionales,ECS,llm_tagged
Negocios Internacionales y Turismo,Negocios Internacionales,ESR,llm_tagged
Nutrición,Nutrición,SIR,llm_tagged
Nutrición Humana,Nutrición,SIR,llm_tagged
Nutrición y Dietética,Nutrición,SIR,llm_tagged
"Nutrición, Salud y Técnicas Alimentarias",Nutrición,SIR,llm_tagged
Obstetricia,Obstetricia,SIR,llm_tagged
Odontología,Odontología,RIS,llm_tagged
Olivicultura y Elaiotecnia,Ingeniería en Agroindustria,RIE,llm_tagged
Optometría,Tecnología Médica,IRS,llm_tagged
Otras Carreras de Educación,Otras Carreras de Educación,SAE,llm_tagged
Pastelería,"Administración de Servicios Turísticos, Hotelería y Gastronomía",RES,llm_tagged
Pedagogía de la Interpretación Musical,Educación Artística,ASI,llm_tagged
Periodismo,Periodismo y Locución,AES,llm_tagged
Periodismo Audiovisual,Periodismo y Locución,AES,llm_tagged
Periodismo Deportivo,Periodismo y Locución,AES,llm_tagged
Periodismo Radial y Televisivo,Periodismo y Locución,AES,llm_tagged
Pesquería,Ingeniería Pesquera,RIE,llm_tagged
Pintura,Artes,AER,llm_tagged
Procesos Industriales y de Sistemas,Ingeniería Industrial,RIE,llm_tagged
Procesos Químicos y Metalúrgicos,"Ingeniería Minera, Metalurgia y Petróleo",RIE,llm_tagged
Producción Agraria,Agropecuaria,RIE,llm_tagged
Producción Agropecuaria,Agropecuaria,RIE,llm_tagged
Producción Musical,Música,ASI,llm_tagged
Producción Textil,Ingeniería Textil y Confecciones,RAE,llm_tagged
Producción y Gestión Pecuaria,Agropecuaria,RIE,llm_tagged
Programación,Ciencias de la Computación,IRC,llm_tagged
Promoción Comunal,Servicios Sociales y Asistenciales,SEA,llm_tagged
Prótesis Dental,Odontología,RIS,llm_tagged
Psicología,Psicología,SIA,llm_tagged
Psicología Humana,Psicología,SIA,llm_tagged
Psicología Organizacional,Psicología,SIA,llm_tagged
Psicología del Consumidor,Psicología,SIA,llm_tagged
Psicoterapia Psicoanalítica,Psicología,SIA,llm_tagged
Publicidad,Diseño,AEC,llm_tagged
Publicidad y Multimedia,Periodismo y Locución,AEC,llm_tagged
Química,Química,IRC,llm_tagged
Química Industrial,Química,IRC,llm_tagged
Radiología,Tecnología Médica,RIS,llm_tagged
Redes y Comunicaciones,Ciencias de la Computación,SAE,llm_tagged
Redes y Comunicación de Datos,Ciencias de la Computación,SAE,llm_tagged
Redes y Seguridad Informática,Ciencias de la Computación,ISR,llm_tagged
Relaciones Industriales,Otras Carreras de Administración,ECS,llm_tagged
Relaciones Internacionales,Negocios Internacionales,ESI,llm_tagged
Relaciones Públicas,Servicios Sociales y Asistenciales,ESA,llm_tagged
Restauración y Conservación de Obras de Arte,Artes,ARI,llm_tagged
Salud y Seguridad Ocupacional,Ingeniería Industrial,RIE,llm_tagged
Secretariado Ejecutivo,Secretariado,CSE,llm_tagged
Secretariado Ejecutivo Bilingüe,Secretariado,CSE,llm_tagged
Secretariado Ejecutivo Computarizado,Secretariado,CSE,llm_tagged
Seguridad e Instrucción Militar,Suboficiales de las Fuerzas Armadas,RES,llm_tagged
Sistemas Automáticos Programables,Ingeniería Electrónica,RIC,llm_tagged
Sistemas de Información,Ciencias de la Computación,ICR,llm_tagged
Sistemas de Telecomunicaciones,Ingeniería de Telecomunicaciones,SAE,llm_tagged
Sociología,Servicios Sociales y Asistenciales,SIA,llm_tagged
Software y Sistemas,Ciencias de la Computación,IRC,llm_tagged
Tecnología Agrícola,Agropecuaria,RIE,llm_tagged
Tecnología Mecánica Eléctrica,Ingeniería Mecánica,RIC,llm_tagged
Tecnología Médica,Tecnología Médica,SIR,llm_tagged
Tecnología Pesquera,Ingeniería Pesquera,RIE,llm_tagged
Tecnología de Análisis Químico,Química,IRC,llm_tagged
Tecnología de la Producción,Ingeniería Industrial,RIE,llm_tagged
Telecomunicaciones,Ingeniería de Telecomunicaciones,SAE,llm_tagged
Telemática,Ingeniería de Telecomunicaciones,RIC,llm_tagged
Teología,Teología y Filosofía,ISA,llm_tagged
Teología - Evangélica,Teología y Filosofía,ISA,llm_tagged
Terapia Física,Tecnología Médica,SRI,llm_tagged
Terapia Física y Rehabilitación,Tecnología Médica,SRI,llm_tagged
Terapia Ocupacional,Tecnología Médica,SRA,llm_tagged
Terapia de Lenguaje,Tecnología Médica,SIA,llm_tagged
Topografía,Ingeniería Civil,RCI,llm_tagged
Topografía Superficial y Minera,Ingeniería Civil,RCI,llm_tagged
Toxicología,Farmacia y Bioquímica,IRC,llm_tagged
Trabajo Social,Trabajo Social,SAE,llm_tagged
Traducción de Idiomas,Idiomas,SAI,llm_tagged
Traducción e Interpretación,Idiomas,SAI,llm_tagged
Transportes Terrestres y Operación de Equipos Pesados,Servicio de Transporte,RCS,llm_tagged
Turismo,"Administración de Servicios Turísticos, Hotelería y Gastronomía",ESR,llm_tagged
Turismo Sostenible,"Administración de Servicios Turísticos, Hotelería y Gastronomía",ESR,llm_tagged
Turismo Sostenible y Hotelería,"Administración de Servicios Turísticos, Hotelería y Gastronomía",ESR,llm_tagged
Turismo y Administración,"Administración de Servicios Turísticos, Hotelería y Gastronomía",ESR,llm_tagged
Turismo y Hotelería,"Administración de Servicios Turísticos, Hotelería y Gastronomía",ESR,llm_tagged
Turismo y Negocios,"Administración de Servicios Turísticos, Hotelería y Gastronomía",ESR,llm_tagged
"Turismo, Hotelería y Gastronomía","Administración de Servicios Turísticos, Hotelería y Gastronomía",ESR,llm_tagged
Técnica en Ingeniería Mecánica de Mantenimiento,Ingeniería Mecánica,RIC,llm_tagged
Técnica en Ingeniería de Sonidos,Ingeniería de Telecomunicaciones,RIC,llm_tagged
Técnicas de Ingeniería Electrónica,Ingeniería Electrónica,RIC,llm_tagged
Viticultura y Enología,Ingeniería en Agroindustria,RIE,llm_tagged
Zootecnia,Zootecnia,RIE,llm_tagged
